{
    "name": "root",
    "metadata": {
        "timer_format_version": "0.1.0",
        "start_time_seconds": "1618558112",
        "python_version": "3.7.9 (tags/v3.7.9:13c94747c7, Aug 17 2020, 18:58:18) [MSC v.1900 64 bit (AMD64)]",
        "command_line_arguments": "C:\\Users\\Siew Jun Leong\\AppData\\Local\\Programs\\Python\\Python37\\Scripts\\mlagents-learn trainingConfig\\mj.yaml --env=mjSimple\\MJ.exe --num-envs=6 --run-id=mjSimple --resume",
        "mlagents_version": "0.23.0",
        "mlagents_envs_version": "0.23.0",
        "communication_protocol_version": "1.3.0",
        "pytorch_version": "1.7.0+cu110",
        "numpy_version": "1.19.0",
        "end_time_seconds": "1618558122"
    },
    "total": 10.587686099999999,
    "count": 1,
    "self": 0.4808484999999969,
    "children": {
        "run_training.setup": {
            "total": 0.11887420000000004,
            "count": 1,
            "self": 0.11887420000000004
        },
        "TrainerController.start_learning": {
            "total": 9.987963400000002,
            "count": 1,
            "self": 0.0003628000000013287,
            "children": {
                "TrainerController._reset_env": {
                    "total": 8.9260599,
                    "count": 2,
                    "self": 8.9260599
                },
                "TrainerController.advance": {
                    "total": 0.3676308000000006,
                    "count": 1,
                    "self": 2.390000000218606e-05,
                    "children": {
                        "env_step": {
                            "total": 0.3676068999999984,
                            "count": 1,
                            "self": 0.05267239999999518,
                            "children": {
                                "SubprocessEnvManager._take_step": {
                                    "total": 0.3149005000000038,
                                    "count": 6,
                                    "self": 0.00040450000000546993,
                                    "children": {
                                        "TorchPolicy.evaluate": {
                                            "total": 0.31449599999999833,
                                            "count": 6,
                                            "self": 0.005382199999999671,
                                            "children": {
                                                "TorchPolicy.sample_actions": {
                                                    "total": 0.30911379999999866,
                                                    "count": 6,
                                                    "self": 0.30911379999999866
                                                }
                                            }
                                        }
                                    }
                                },
                                "workers": {
                                    "total": 3.399999999942338e-05,
                                    "count": 1,
                                    "self": 0.0,
                                    "children": {
                                        "worker_root": {
                                            "total": 3.8393662000000006,
                                            "count": 2,
                                            "is_parallel": true,
                                            "self": 3.7278273000000004,
                                            "children": {
                                                "steps_from_proto": {
                                                    "total": 0.0009094000000002822,
                                                    "count": 2,
                                                    "is_parallel": true,
                                                    "self": 0.00047109999999950247,
                                                    "children": {
                                                        "_process_vector_observation": {
                                                            "total": 0.00043830000000077973,
                                                            "count": 4,
                                                            "is_parallel": true,
                                                            "self": 0.00043830000000077973
                                                        }
                                                    }
                                                },
                                                "UnityEnvironment.step": {
                                                    "total": 0.11062949999999994,
                                                    "count": 2,
                                                    "is_parallel": true,
                                                    "self": 0.005976099999999818,
                                                    "children": {
                                                        "UnityEnvironment._generate_step_input": {
                                                            "total": 0.00015449999999894715,
                                                            "count": 2,
                                                            "is_parallel": true,
                                                            "self": 0.00015449999999894715
                                                        },
                                                        "communicator.exchange": {
                                                            "total": 0.10276439999999987,
                                                            "count": 2,
                                                            "is_parallel": true,
                                                            "self": 0.10276439999999987
                                                        },
                                                        "steps_from_proto": {
                                                            "total": 0.0017345000000013044,
                                                            "count": 4,
                                                            "is_parallel": true,
                                                            "self": 0.0010308000000023299,
                                                            "children": {
                                                                "_process_vector_observation": {
                                                                    "total": 0.0007036999999989746,
                                                                    "count": 8,
                                                                    "is_parallel": true,
                                                                    "self": 0.0007036999999989746
                                                                }
                                                            }
                                                        }
                                                    }
                                                }
                                            }
                                        }
                                    }
                                }
                            }
                        }
                    }
                },
                "TrainerController._save_models": {
                    "total": 0.6939098999999995,
                    "count": 1,
                    "self": 0.014217699999999667,
                    "children": {
                        "RLTrainer._checkpoint": {
                            "total": 0.6796921999999999,
                            "count": 1,