{
    "name": "root",
    "gauges": {
        "MahJong.Policy.Entropy.mean": {
            "value": 2.080599069595337,
            "min": 1.8979049921035767,
            "max": 2.298046350479126,
            "count": 204
        },
        "MahJong.Environment.EpisodeLength.mean": {
            "value": 18.972789115646258,
            "min": 15.296296296296296,
            "max": 20.833333333333332,
            "count": 204
        },
        "MahJong.Self-play.ELO.mean": {
            "value": 687.7437844839471,
            "min": 611.3439355552225,
            "max": 1000.1379625171377,
            "count": 204
        },
        "MahJong.Policy.ExtrinsicValueEstimate.mean": {
            "value": 0.022701827809214592,
            "min": -0.025124136358499527,
            "max": 0.11934064328670502,
            "count": 204
        },
        "MahJong.Environment.CumulativeReward.mean": {
            "value": 0.08922448586577511,
            "min": -0.031857143296404,
            "max": 0.32339999682968484,
            "count": 204
        },
        "MahJong.Policy.ExtrinsicReward.mean": {
            "value": 0.08922448586577511,
            "min": -0.031857143296404,
            "max": 0.32339999682968484,
            "count": 204
        },
        "MahJong.IsTraining.mean": {
            "value": 1.0,
            "min": 1.0,
            "max": 1.0,
            "count": 204
        },
        "MahJong.Losses.PolicyLoss.mean": {
            "value": 0.05204627331113443,
            "min": 0.044625860818390116,
            "max": 0.06152133324455159,
            "count": 49
        },
        "MahJong.Losses.ValueLoss.mean": {
            "value": 0.07275314338039607,
            "min": 0.04786498052999377,
            "max": 0.08494058957633872,
            "count": 49
        },
        "MahJong.Policy.LearningRate.mean": {
            "value": 0.0003,
            "min": 0.0003,
            "max": 0.0003,
            "count": 49
        },
        "MahJong.Policy.Epsilon.mean": {
            "value": 0.14999999999999997,
            "min": 0.14999999999999997,
            "max": 0.14999999999999997,
            "count": 49
        },
        "MahJong.Policy.Beta.mean": {
            "value": 0.004999999999999999,
            "min": 0.004999999999999999,
            "max": 0.004999999999999999,
            "count": 49
        }
    },
    "metadata": {
        "timer_format_version": "0.1.0",
        "start_time_seconds": "1616908138",
        "python_version": "3.7.9 (tags/v3.7.9:13c94747c7, Aug 17 2020, 18:58:18) [MSC v.1900 64 bit (AMD64)]",
        "command_line_arguments": "C:\\Users\\Siew Jun Leong\\AppData\\Local\\Programs\\Python\\Python37\\Scripts\\mlagents-learn trainingConfig\\mj.yaml --env=mjV3\\MJ.exe --num-envs=3 --run-id=mj5 --resume",
        "mlagents_version": "0.23.0",
        "mlagents_envs_version": "0.23.0",
        "communication_protocol_version": "1.3.0",
        "pytorch_version": "1.7.0+cu110",
        "numpy_version": "1.19.0",
        "end_time_seconds": "1616920992"
    },
    "total": 12853.3626788,
    "count": 1,
    "self": 5.105865800001993,
    "children": {
        "run_training.setup": {
            "total": 0.026955300000000015,
            "count": 1,
            "self": 0.026955300000000015
        },
        "TrainerController.start_learning": {
            "total": 12848.229857699998,
            "count": 1,
            "self": 22.441874299944175,
            "children": {
                "TrainerController._reset_env": {
                    "total": 9.250744299999505,
                    "count": 4,
                    "self": 9.250744299999505
                },
                "TrainerController.advance": {
                    "total": 12816.398417900054,
                    "count": 608396,
                    "self": 11.127671599888345,
                    "children": {
                        "env_step": {
                            "total": 12805.270746300166,
                            "count": 608396,
                            "self": 9637.08159470088,
                            "children": {
                                "SubprocessEnvManager._take_step": {
                                    "total": 3157.859348399299,
                                    "count": 624790,
                                    "self": 77.11476069932951,
                                    "children": {
                                        "TorchPolicy.evaluate": {
                                            "total": 3080.7445876999695,
                                            "count": 614625,
                                            "self": 890.2575020991976,
                                            "children": {
                                                "TorchPolicy.sample_actions": {
                                                    "total": 2190.487085600772,
                                                    "count": 614625,
                                                    "self": 2190.487085600772
                                                }
                                            }
                                        }
                                    }
                                },
                                "workers": {
                                    "total": 10.329803199986976,
                                    "count": 608395,
                                    "self": 0.0,
                                    "children": {
                                        "worker_root": {
                                            "total": 38484.342765600784,
                                            "count": 624782,
                                            "is_parallel": true,
                                            "self": 4505.666490299271,
                                            "children": {
                                                "steps_from_proto": {
                                                    "total": 0.004509500003912592,
                                                    "count": 31,
                                                    "is_parallel": true,
                                                    "self": 0.002851199999887477,
                                                    "children": {
                                                        "_process_vector_observation": {
                                                            "total": 0.001658300004025115,
                                                            "count": 62,
                                                            "is_parallel": true,
                                                            "self": 0.001658300004025115
                                                        }
                                                    }
                                                },
                                                "UnityEnvironment.step": {
                                                    "total": 33978.67176580151,
                                                    "count": 624782,
                                                    "is_parallel": true,
                                                    "self": 183.81719610140135,
                                                    "children": {
                                                        "UnityEnvironment._generate_step_input": {
                                                            "total": 75.6936057001636,
                                                            "count": 624782,
                                                            "is_parallel": true,
                                                            "self": 75.6936057001636
                                                        },