{
    "name": "root",
    "metadata": {
        "timer_format_version": "0.1.0",
        "start_time_seconds": "1615729402",
        "python_version": "3.7.9 (tags/v3.7.9:13c94747c7, Aug 17 2020, 18:58:18) [MSC v.1900 64 bit (AMD64)]",
        "command_line_arguments": "C:\\Users\\Siew Jun Leong\\AppData\\Local\\Programs\\Python\\Python37\\Scripts\\mlagents-learn trainingConfig\\mj.yaml --env=mjfixed\\MJ.exe --num-envs=3 --run-id=mj3 --resume",
        "mlagents_version": "0.23.0",
        "mlagents_envs_version": "0.23.0",
        "communication_protocol_version": "1.3.0",
        "pytorch_version": "1.7.0+cu110",
        "numpy_version": "1.19.0",
        "end_time_seconds": "1615729415"
    },
    "total": 12.5432707,
    "count": 1,
    "self": 0.3858724000000002,
    "children": {
        "run_training.setup": {
            "total": 0.02045180000000002,
            "count": 1,
            "self": 0.02045180000000002
        },
        "TrainerController.start_learning": {
            "total": 12.1369465,
            "count": 1,
            "self": 0.005760099999996271,
            "children": {
                "TrainerController._reset_env": {
                    "total": 7.694213399999999,
                    "count": 2,
                    "self": 7.694213399999999
                },
                "TrainerController.advance": {
                    "total": 3.845706900000005,
                    "count": 183,
                    "self": 0.0026359999999936434,
                    "children": {
                        "env_step": {
                            "total": 3.8430709000000114,
                            "count": 183,
                            "self": 2.939611500000023,
                            "children": {
                                "SubprocessEnvManager._take_step": {
                                    "total": 0.9010301999999939,
                                    "count": 188,
                                    "self": 0.015004900000008092,
                                    "children": {
                                        "TorchPolicy.evaluate": {
                                            "total": 0.8860252999999858,
                                            "count": 188,
                                            "self": 0.1946455000000018,
                                            "children": {
                                                "TorchPolicy.sample_actions": {
                                                    "total": 0.691379799999984,
                                                    "count": 188,
                                                    "self": 0.691379799999984
                                                }
                                            }
                                        }
                                    }
                                },
                                "workers": {
                                    "total": 0.00242919999999458,
                                    "count": 183,
                                    "self": 0.0,
                                    "children": {
                                        "worker_root": {
                                            "total": 12.1656744,
                                            "count": 184,
                                            "is_parallel": true,
                                            "self": 2.6212160999999767,
                                            "children": {
                                                "steps_from_proto": {
                                                    "total": 0.0017525000000002677,
                                                    "count": 9,
                                                    "is_parallel": true,
                                                    "self": 0.0011483000000014343,
                                                    "children": {
                                                        "_process_vector_observation": {
                                                            "total": 0.0006041999999988334,
                                                            "count": 18,
                                                            "is_parallel": true,
                                                            "self": 0.0006041999999988334
                                                        }
                                                    }
                                                },
                                                "UnityEnvironment.step": {
                                                    "total": 9.542705800000023,
                                                    "count": 184,
                                                    "is_parallel": true,
                                                    "self": 0.04283629999999583,
                                                    "children": {
                                                        "UnityEnvironment._generate_step_input": {
                                                            "total": 0.020376800000006412,
                                                            "count": 184,
                                                            "is_parallel": true,
                                                            "self": 0.020376800000006412
                                                        },
                                                        "communicator.exchange": {
                                                            "total": 9.364319100000001,
                                                            "count": 184,
                                                            "is_parallel": true,
                                                            "self": 9.364319100000001
                                                        },
                                                        "steps_from_proto": {
                                                            "total": 0.11517360000002075,
                                                            "count": 552,
                                                            "is_parallel": true,
                                                            "self": 0.07871369999999889,
                                                            "children": {
                                                                "_process_vector_observation": {
                                                                    "total": 0.03645990000002186,
                                                                    "count": 1104,
                                                                    "is_parallel": true,
                                                                    "self": 0.03645990000002186
                                                                }
                                                            }
                                                        }
                                                    }
                                                }
                                            }
                                        }
                                    }
                                }
                            }
                        }
                    }
                },
                "TrainerController._save_models": {
                    "total": 0.5912661000000003,
                    "count": 1,
                    "self": 0.00044530000000087,
                    "children": {
                        "RLTrainer._checkpoint": {
                            "total": 0.5908207999999995,
                            "count": 1,
                            "self": 0.5908207999999995
                        }
                    }
                }
            }
        }
    }
}