{
    "name": "root",
    "metadata": {
        "timer_format_version": "0.1.0",
        "start_time_seconds": "1614755711",
        "python_version": "3.7.9 (tags/v3.7.9:13c94747c7, Aug 17 2020, 18:58:18) [MSC v.1900 64 bit (AMD64)]",
        "command_line_arguments": "C:\\Users\\Siew Jun Leong\\AppData\\Local\\Programs\\Python\\Python37\\Scripts\\mlagents-learn trainingConfig\\mj.yaml --env=mj\\MJ.exe --num-envs=3 --run-id=mj4 --resume",
        "mlagents_version": "0.23.0",
        "mlagents_envs_version": "0.23.0",
        "communication_protocol_version": "1.3.0",
        "pytorch_version": "1.7.0+cu110",
        "numpy_version": "1.19.0",
        "end_time_seconds": "1614762108"
    },
    "total": 6397.1854225,
    "count": 1,
    "self": 10.00825899999927,
    "children": {
        "run_training.setup": {
            "total": 0.019529599999999814,
            "count": 1,
            "self": 0.019529599999999814
        },
        "TrainerController.start_learning": {
            "total": 6387.1576339,
            "count": 1,
            "self": 10.035061700046754,
            "children": {
                "TrainerController._reset_env": {
                    "total": 67.90668860000031,
                    "count": 3,
                    "self": 67.90668860000031
                },
                "TrainerController.advance": {
                    "total": 6308.4642082999535,
                    "count": 297720,
                    "self": 5.024347699928512,
                    "children": {
                        "env_step": {
                            "total": 6303.439860600025,
                            "count": 297720,
                            "self": 4949.259907000194,
                            "children": {
                                "SubprocessEnvManager._take_step": {
                                    "total": 1349.410738699958,
                                    "count": 308517,
                                    "self": 34.34041989984644,
                                    "children": {
                                        "TorchPolicy.evaluate": {
                                            "total": 1315.0703188001116,
                                            "count": 304113,
                                            "self": 384.94776389985327,
                                            "children": {
                                                "TorchPolicy.sample_actions": {
                                                    "total": 930.1225549002584,
                                                    "count": 304113,
                                                    "self": 930.1225549002584
                                                }
                                            }
                                        }
                                    }
                                },
                                "workers": {
                                    "total": 4.769214899872978,
                                    "count": 297720,
                                    "self": 0.0,
                                    "children": {
                                        "worker_root": {
                                            "total": 18940.807952499832,
                                            "count": 308513,
                                            "is_parallel": true,
                                            "self": 1974.9299480006484,
                                            "children": {
                                                "steps_from_proto": {
                                                    "total": 0.001228399999998686,
                                                    "count": 10,
                                                    "is_parallel": true,
                                                    "self": 0.0007802999999935167,
                                                    "children": {
                                                        "_process_vector_observation": {
                                                            "total": 0.00044810000000516936,
                                                            "count": 20,
                                                            "is_parallel": true,
                                                            "self": 0.00044810000000516936
                                                        }
                                                    }
                                                },
                                                "UnityEnvironment.step": {
                                                    "total": 16965.876776099183,
                                                    "count": 308513,
                                                    "is_parallel": true,
                                                    "self": 88.34426979906857,
                                                    "children": {
                                                        "UnityEnvironment._generate_step_input": {
                                                            "total": 37.083999099963634,
                                                            "count": 308513,
                                                            "is_parallel": true,
                                                            "self": 37.083999099963634
                                                        },
                                                        "communicator.exchange": {
                                                            "total": 16616.18654279958,
                                                            "count": 308513,
                                                            "is_parallel": true,
                                                            "self": 16616.18654279958
                                                        },
                                                        "steps_from_proto": {
                                                            "total": 224.26196440057086,
                                                            "count": 1233859,
                                                            "is_parallel": true,
                                                            "self": 155.91306190045705,
                                                            "children": {
                                                                "_process_vector_observation": {
                                                                    "total": 68.34890250011381,
                                                                    "count": 2467718,
                                                                    "is_parallel": true,
                                                                    "self": 68.34890250011381
                                                                }
                                                            }
                                                        }
                                                    }
                                                }
                                            }
                                        }
                                    }
                                }
                            }
                        }
                    }
                },
                "TrainerController._save_models": {
                    "total": 0.7516752999999881,
                    "count": 1,
                    "self": 0.014969999999266292,
                    "children": {
                        "RLTrainer._checkpoint": {
                            "total": 0.7367053000007218,
                            "count": 1,