{
    "name": "root",
    "gauges": {
        "MahJong.Policy.Entropy.mean": {
            "value": 3.673250198364258,
            "min": 3.673250198364258,
            "max": 3.6881515979766846,
            "count": 2
        },
        "MahJong.Environment.EpisodeLength.mean": {
            "value": 23.378048780487806,
            "min": 23.05952380952381,
            "max": 23.378048780487806,
            "count": 2
        },
        "MahJong.Self-play.ELO.mean": {
            "value": 1024.1648951691823,
            "min": 1009.2320144073875,
            "max": 1024.1648951691823,
            "count": 2
        },
        "MahJong.Policy.ExtrinsicValueEstimate.mean": {
            "value": 0.2985752522945404,
            "min": 0.2985752522945404,
            "max": 0.34698522090911865,
            "count": 2
        },
        "MahJong.Environment.CumulativeReward.mean": {
            "value": -0.023414634100002486,
            "min": -0.04782926824750242,
            "max": -0.023414634100002486,
            "count": 2
        },
        "MahJong.Policy.ExtrinsicReward.mean": {
            "value": -0.023414634100002486,
            "min": -0.04782926824750242,
            "max": -0.023414634100002486,
            "count": 2
        },
        "MahJong.IsTraining.mean": {
            "value": 1.0,
            "min": 1.0,
            "max": 1.0,
            "count": 2
        }
    },
    "metadata": {
        "timer_format_version": "0.1.0",
        "start_time_seconds": "1618556304",
        "python_version": "3.7.9 (tags/v3.7.9:13c94747c7, Aug 17 2020, 18:58:18) [MSC v.1900 64 bit (AMD64)]",
        "command_line_arguments": "C:\\Users\\Siew Jun Leong\\AppData\\Local\\Programs\\Python\\Python37\\Scripts\\mlagents-learn trainingConfig\\mj.yaml --env=mjSimple\\MJ.exe --num-envs=6 --run-id=mjNothing --resume",
        "mlagents_version": "0.23.0",
        "mlagents_envs_version": "0.23.0",
        "communication_protocol_version": "1.3.0",
        "pytorch_version": "1.7.0+cu110",
        "numpy_version": "1.19.0",
        "end_time_seconds": "1618556404"
    },
    "total": 99.9930761,
    "count": 1,
    "self": 2.9402817,
    "children": {
        "run_training.setup": {
            "total": 0.2681092999999999,
            "count": 1,
            "self": 0.2681092999999999
        },
        "TrainerController.start_learning": {
            "total": 96.78468509999999,
            "count": 1,
            "self": 0.2793808000002258,
            "children": {
                "TrainerController._reset_env": {
                    "total": 15.597652100000001,
                    "count": 1,
                    "self": 15.597652100000001
                },
                "TrainerController.advance": {
                    "total": 79.46989059999976,
                    "count": 3001,
                    "self": 0.10807699999963916,
                    "children": {
                        "env_step": {
                            "total": 79.36181360000012,
                            "count": 3001,
                            "self": 11.592316000000352,
                            "children": {
                                "SubprocessEnvManager._take_step": {
                                    "total": 67.5766287000002,
                                    "count": 9188,
                                    "self": 1.5075334999998944,
                                    "children": {
                                        "TorchPolicy.evaluate": {
                                            "total": 66.0690952000003,
                                            "count": 9097,
                                            "self": 17.079182499999675,
                                            "children": {
                                                "TorchPolicy.sample_actions": {
                                                    "total": 48.98991270000063,
                                                    "count": 9097,
                                                    "self": 48.98991270000063
                                                }
                                            }
                                        }
                                    }
                                },
                                "workers": {
                                    "total": 0.19286889999957424,
                                    "count": 3000,
                                    "self": 0.0,
                                    "children": {
                                        "worker_root": {
                                            "total": 499.3106113000029,
                                            "count": 9184,
                                            "is_parallel": true,
                                            "self": 326.1815844000025,
                                            "children": {
                                                "steps_from_proto": {
                                                    "total": 0.0028996999999986173,
                                                    "count": 6,
                                                    "is_parallel": true,
                                                    "self": 0.0015227999999947173,
                                                    "children": {
                                                        "_process_vector_observation": {
                                                            "total": 0.0013769000000039,
                                                            "count": 12,
                                                            "is_parallel": true,
                                                            "self": 0.0013769000000039
                                                        }
                                                    }
                                                },
                                                "UnityEnvironment.step": {
                                                    "total": 173.12612720000035,
                                                    "count": 9184,
                                                    "is_parallel": true,
                                                    "self": 3.172441400000565,
                                                    "children": {
                                                        "UnityEnvironment._generate_step_input": {
                                                            "total": 1.323692299999946,
                                                            "count": 9184,
                                                            "is_parallel": true,
                                                            "self": 1.323692299999946
                                                        },
                                                        "communicator.exchange": {
                                                            "total": 161.05732689999994,
                                                            "count": 9184,
                                                            "is_parallel": true,
                                                            "self": 161.05732689999994
                                                        },
                                                        "steps_from_proto": {
                                                            "total": 7.5726665999998914,
                                                            "count": 36714,
                                                            "is_parallel": true,
                                                            "self": 5.164371900000809,